{
  "train_loss": [
    0.005301701315238066,
    0.0009391067939289946,
    0.0006980080701194414,
    0.0006496223935061758,
    0.0006136521517226672,
    0.0005701256630240552,
    0.0005432487905647268,
    0.0005156081874539577,
    0.0004968639801293543,
    0.0004865816932641595,
    0.0004783684294243904,
    0.00047442086787203354,
    0.00047071416336298645,
    0.00046784929044829676,
    0.00046473145192668273,
    0.0004654324468516113,
    0.0004640414818455181,
    0.0004634785483468771,
    0.000459953938151264,
    0.0004595815168886724,
    0.0004550106942193983
  ],
  "val_loss": [
    0.000796712716884105,
    0.0005014704268297337,
    0.00043823640840411825,
    0.00041649025857995274,
    0.0003853956638167917,
    0.0003634966371513909,
    0.00034543265394000204,
    0.0003237789335518112,
    0.0003079351998382859,
    0.00030513493001070433,
    0.0002992407604497636,
    0.0002851667668529003,
    0.00028541009251919016,
    0.0002889673950877331,
    0.0002848115711232346,
    0.00028385082679931276,
    0.00029407893242490565,
    0.00029332981947284646,
    0.0002933867402354384,
    0.0002861168382328424,
    0.00030498762777251745
  ]
}