{
  "train_loss": [
    0.9168356895589803,
    0.4921061301115998,
    0.42125299380249354,
    0.39957760320617103,
    0.385138265134029,
    0.37646345857551755,
    0.37041440524253144,
    0.3686370748728663,
    0.3647289646870456,
    0.3629180656229825,
    0.36009852970307354,
    0.3599397849452086,
    0.3563460631095764,
    0.35636683444614325,
    0.3548286743309109,
    0.35197510755922135,
    0.35366511953502133,
    0.35126606610644273,
    0.34948747991130424,
    0.3512397756047097,
    0.35019609775022736,
    0.35039389964247386,
    0.34957652099132713,
    0.3483165819918656,
    0.3490541658936521,
    0.349848307009564,
    0.34826160862148353
  ],
  "val_loss": [
    0.5267071182665094,
    0.3997362863485643,
    0.37791607697112595,
    0.36669892120352854,
    0.35937225693089236,
    0.35510086715009515,
    0.3544445296241599,
    0.3501229762628415,
    0.3508879369183702,
    0.3487710527442674,
    0.34481446323151527,
    0.3423576158346589,
    0.3433776022995489,
    0.34371659136352445,
    0.342421854110193,
    0.3423702796233154,
    0.34003785694361666,
    0.34225385604042874,
    0.3434047135982995,
    0.336524513377611,
    0.3384226097189316,
    0.33584672395355797,
    0.3378102045030811,
    0.3366321444543197,
    0.3395771428895005,
    0.3383588816055487,
    0.3403975550777921
  ]
}