{
  "train_loss": [
    0.9064664931688076,
    0.4817847899979674,
    0.41440822705454267,
    0.39188707006792,
    0.378312642779746,
    0.3738696500532883,
    0.3695504580690565,
    0.36532056979768507,
    0.3639841874286086,
    0.35983299450133455,
    0.3591538382679089,
    0.3559261179389228,
    0.35465957945892684,
    0.35313937665510486,
    0.3534090259860998,
    0.35232431378458906,
    0.35026933096280655,
    0.3508803559984252,
    0.35006729923736474,
    0.34825093070448526,
    0.34970343290423017,
    0.34999350936015805,
    0.34837424442396697,
    0.35002850585786044,
    0.34782173523266413,
    0.3477931816469739,
    0.3459854692293975,
    0.3475954637265183,
    0.3472032685169971,
    0.3499823107573058,
    0.34579597050816424,
    0.34781353903665907,
    0.34670265283378976,
    0.3455036366991566,
    0.34472440896524037,
    0.3463197729045633,
    0.34556188609677807,
    0.3458961646115908
  ],
  "val_loss": [
    0.5107533930037058,
    0.3988796884569459,
    0.3768564575916925,
    0.3785678663744945,
    0.36026248503231384,
    0.35335609564207393,
    0.349888309142448,
    0.3569027807813838,
    0.34605133221999546,
    0.3452017384144576,
    0.3472365281821738,
    0.34449989261510233,
    0.3412048342841993,
    0.3467653857466592,
    0.34136561663749165,
    0.34076028173922474,
    0.34243589409233366,
    0.33892640332670515,
    0.3389660722890275,
    0.33806408635035046,
    0.34333333077483275,
    0.3386446361572684,
    0.33738996921762043,
    0.341874326966303,
    0.33933035276599766,
    0.3403508277484797,
    0.3374899941494233,
    0.3364762082786014,
    0.3433439728101716,
    0.3391998903716623,
    0.33656628644957987,
    0.33692892665461294,
    0.3347280273181537,
    0.33900736022834627,
    0.33782518550441054,
    0.33708397741106705,
    0.33687960106708636,
    0.33633443686172204
  ]
}