{
  "train_loss": [
    0.91567632095014,
    0.48645383501114264,
    0.41772863646467173,
    0.3973686757522828,
    0.38555388232338617,
    0.37561856125923604,
    0.3719113019113192,
    0.36821652390723936,
    0.3625709983567825,
    0.3632097395618704,
    0.36162801799221067,
    0.36026354753632805,
    0.3570191515745416,
    0.35445579278645684,
    0.3536458172104987,
    0.3546154803854965,
    0.3534333209719359,
    0.355234217262533,
    0.35110908210725505,
    0.3503580306184345,
    0.349186879970587,
    0.3496795775632546,
    0.3485832882062982,
    0.3480356240916963,
    0.3481132051898862,
    0.3471224030623795,
    0.34607879496794053,
    0.3500130768474375
  ],
  "val_loss": [
    0.5160887039856177,
    0.4009033637965569,
    0.3920495416975682,
    0.37383814064413046,
    0.3626707616784248,
    0.35955408080972645,
    0.3573449415760959,
    0.34925864515591043,
    0.3468974124080042,
    0.3497404639476396,
    0.3448245174311422,
    0.34421475074319197,
    0.34420653570600984,
    0.34550353281870033,
    0.34621794715687937,
    0.3419257552861913,
    0.3404594292282168,
    0.33969518499911744,
    0.3396494452253254,
    0.3422180377913674,
    0.3398114119216381,
    0.34380615490147365,
    0.3376719502211041,
    0.34239129903284293,
    0.33963204606165043,
    0.3392811614743255,
    0.3438870428912037,
    0.3401967019499556
  ]
}