{
  "train_loss": [
    0.004460376123349283,
    0.0007522477803862206,
    0.0005499551823001059,
    0.000509008142600203,
    0.00048607291124759284,
    0.00047083029203540843,
    0.000462388814193265,
    0.00045636218525381845,
    0.0004528064717278962,
    0.0004511279714596741,
    0.000448546181609309,
    0.00044611217784153466,
    0.00044426336977788705,
    0.00044158239445767306,
    0.00044146269337878494,
    0.00043917370305408745,
    0.0004367764669579659,
    0.0004346008025642811,
    0.0004318527558597112,
    0.00042900362140350695,
    0.00042675224228174753,
    0.0004254195899755563,
    0.00042329033294198507,
    0.00042275823469804016,
    0.0004197332082005631,
    0.000419296854973292,
    0.0004194504406123548,
    0.0004174684085772096,
    0.0004160366936897718,
    0.00041520478012291285,
    0.00041476060829182524,
    0.000414666036170369
  ],
  "val_loss": [
    0.0008671731275428737,
    0.00040625339665796285,
    0.0003820159785247771,
    0.0003301168082129301,
    0.0003267101328754462,
    0.0003440314553541596,
    0.00031989949494514873,
    0.0003386041170918095,
    0.00031416019771921173,
    0.0003213138630197579,
    0.00031594122960649357,
    0.0003278827495636721,
    0.0003038161940952122,
    0.0003031055859569671,
    0.0003037979108451281,
    0.00030100197325014667,
    0.00030573225187102384,
    0.0002951752455175901,
    0.00030093550515131315,
    0.00029030661794971564,
    0.00029497236096390753,
    0.0002864897620530954,
    0.0002958826024665327,
    0.0002997515199488954,
    0.00029857499049036254,
    0.0002871021565345291,
    0.0002755889241436616,
    0.00028871271469674064,
    0.00028385372374391434,
    0.00028496696133382325,
    0.00029418466083774115,
    0.00028170244068512066
  ]
}