{
  "train_loss": [
    0.005380992036475836,
    0.0008209557688886144,
    0.0007275092075794996,
    0.0006844519606511047,
    0.0006514962101960243,
    0.0006316286052795581,
    0.0006208405762161617,
    0.000613347155919646,
    0.0005897112737151489,
    0.000555830231434659,
    0.0005493535367234153,
    0.0005413665769617503,
    0.000534295328854871,
    0.000531451559305585,
    0.0005250427119342392
  ],
  "val_loss": [
    0.000650413742393734,
    0.0005270339154715229,
    0.0005045177369947902,
    0.0004523062509588323,
    0.00044841859603988386,
    0.0004495360800391865,
    0.0004232068912439198,
    0.00040992205044526603,
    0.00036391573743668857,
    0.0003557216753344585,
    0.00036285304070161575,
    0.0003558917149667009,
    0.00036966657561673857,
    0.00037435261300360225,
    0.0003577190262264275
  ]
}