{
  "train_loss": [
    0.004213139019880845,
    0.000673020634016835,
    0.0005616687571700145,
    0.0005000126511790878,
    0.0004885445504946007,
    0.0004772097810455358,
    0.0004571925112242991,
    0.00044418823498351684,
    0.00043422605499123575,
    0.0004251874949146071,
    0.00042034953100473236,
    0.00041748290157316085,
    0.0004134153783658326,
    0.00041303281048940283,
    0.00040968153606753694,
    0.00041018621963676753,
    0.0004093796601742876,
    0.000408739458964497,
    0.00040693852167261854,
    0.0004075188522619017,
    0.0004076990075207401,
    0.00040542698820612985,
    0.00040592930026757087,
    0.00040523683288333615,
    0.0004044701046140026,
    0.00040484834963852085,
    0.00040353456287786817,
    0.0004035067024264953,
    0.0004029555920735388,
    0.0004034861119683446,
    0.0004035240874434395,
    0.00040237937660051674,
    0.0004022253218155468,
    0.00040275183951796157,
    0.00040226760157196915,
    0.0004010433950633957,
    0.000401723855400748,
    0.0004023127203602421
  ],
  "val_loss": [
    0.0005042766205319263,
    0.0004460047545024248,
    0.0003381364966768087,
    0.0003603936903612408,
    0.000328417288548781,
    0.0003141914505452079,
    0.00029233964371662516,
    0.0003014682182157067,
    0.00028583321400384127,
    0.00029488118128129774,
    0.0002926272400900876,
    0.0002795622964875644,
    0.0002851731209076493,
    0.000280752734860113,
    0.000279974402982351,
    0.00027828987677865253,
    0.0002878790136244085,
    0.0002801133457659673,
    0.0002830508301822783,
    0.00027301846846234523,
    0.00027702740584064836,
    0.0002838747340876362,
    0.0003070741894742457,
    0.0002714521177131486,
    0.000270428580048485,
    0.00028135575945493205,
    0.0002884884366665512,
    0.00028348927911019833,
    0.0002702681256616953,
    0.0002729775764689108,
    0.0002715621180190559,
    0.0002758825400990544,
    0.00026719092974253914,
    0.00026974199867821607,
    0.0002749470161950832,
    0.00027769063995284124,
    0.00027355724029041843,
    0.00027551409846249784
  ]
}