{
  "train_loss": [
    0.00576890385699679,
    0.0019723819707789343,
    0.0019095706608525064,
    0.0018248597564847226,
    0.0006422270360587581,
    0.0006018065644356435,
    0.0005823167488582087,
    0.0005492353892156325,
    0.0005077796385488501,
    0.0004558231550732417,
    0.0003922671005116936,
    0.00038144442676473633,
    0.00037674835731027283,
    0.0003730474514601763,
    0.0003713111449983348,
    0.0003696065562132374,
    0.00036685201997402073,
    0.0003658675637221943,
    0.0003649824693691878,
    0.00036468942925860855,
    0.00036403588955836113,
    0.00036414011958066665,
    0.0003632422245774437,
    0.0003631764711899914,
    0.0003625046279711313,
    0.0003619873562554153
  ],
  "val_loss": [
    0.0018771698367892515,
    0.0017482404698643383,
    0.001720616026170798,
    0.0006653419575122839,
    0.0004479988188117032,
    0.0004351138378946219,
    0.00042141094872088385,
    0.0003897159599849678,
    0.00036502882703184615,
    0.0002779181076882517,
    0.00025887287743867613,
    0.0002557210223105112,
    0.00025534103307923913,
    0.00025980733848055904,
    0.00025676177726227255,
    0.0002518535913541007,
    0.0002538043693706914,
    0.000254734559477563,
    0.00025020380363821164,
    0.000248118959106361,
    0.00024728115452191964,
    0.00025096178513698614,
    0.0002551770062749661,
    0.0002498396697708019,
    0.00025248121699372234,
    0.0002482230018446439
  ]
}